sku,title,category,subcategory,product_handle,focus_groups,collection_handle
HD1,Rugs item 0,Rugs,Hand-knotted,rugs-0,Bestsellers,
HD2,Rugs item 1,Rugs,Flatweave,rugs-1,,
HD3,Rugs item 2,Rugs,Tufted,rugs-2,,
HD4,Rugs item 3,Rugs,Hand-knotted,rugs-3,,
HD5,Rugs item 4,Rugs,Flatweave,rugs-4,,
HD6,Rugs item 5,Rugs,Tufted,rugs-5,Bestsellers,
HD7,Rugs item 6,Rugs,Hand-knotted,rugs-6,,
HD8,Rugs item 7,Rugs,Flatweave,rugs-7,New launch,
HD9,Rugs item 8,Rugs,Tufted,rugs-8,,
HD10,Rugs item 9,Rugs,Hand-knotted,rugs-9,,
HD11,Rugs item 10,Rugs,Flatweave,rugs-10,Bestsellers,
HD12,Rugs item 11,Rugs,Tufted,rugs-11,,
HD13,Rugs item 12,Rugs,Hand-knotted,rugs-12,,
HD14,Rugs item 13,Rugs,Flatweave,rugs-13,,
HD15,Rugs item 14,Rugs,Tufted,rugs-14,New launch,
HD16,Rugs item 15,Rugs,Hand-knotted,rugs-15,Bestsellers,
HD17,Rugs item 16,Rugs,Flatweave,rugs-16,,
HD18,Rugs item 17,Rugs,Tufted,rugs-17,,
HD19,Rugs item 18,Rugs,Hand-knotted,rugs-18,,
HD20,Rugs item 19,Rugs,Flatweave,rugs-19,,
HD21,Rugs item 20,Rugs,Tufted,rugs-20,Bestsellers,
HD22,Rugs item 21,Rugs,Hand-knotted,rugs-21,New launch,
HD23,Rugs item 22,Rugs,Flatweave,rugs-22,,
HD24,Rugs item 23,Rugs,Tufted,rugs-23,,
HD25,Rugs item 24,Rugs,Hand-knotted,rugs-24,,
HD26,Lighting item 0,Lighting,Table lamps,lighting-0,Bestsellers,
HD27,Lighting item 1,Lighting,Pendants,lighting-1,,
HD28,Lighting item 2,Lighting,Table lamps,lighting-2,,
HD29,Lighting item 3,Lighting,Pendants,lighting-3,,
HD30,Lighting item 4,Lighting,Table lamps,lighting-4,,
HD31,Lighting item 5,Lighting,Pendants,lighting-5,Bestsellers,
HD32,Lighting item 6,Lighting,Table lamps,lighting-6,,
HD33,Lighting item 7,Lighting,Pendants,lighting-7,New launch,
HD34,Lighting item 8,Lighting,Table lamps,lighting-8,,
HD35,Lighting item 9,Lighting,Pendants,lighting-9,,
HD36,Lighting item 10,Lighting,Table lamps,lighting-10,Bestsellers,
HD37,Lighting item 11,Lighting,Pendants,lighting-11,,
HD38,Lighting item 12,Lighting,Table lamps,lighting-12,,
HD39,Lighting item 13,Lighting,Pendants,lighting-13,,
HD40,Lighting item 14,Lighting,Table lamps,lighting-14,New launch,
HD41,Lighting item 15,Lighting,Pendants,lighting-15,Bestsellers,
HD42,Lighting item 16,Lighting,Table lamps,lighting-16,,
HD43,Lighting item 17,Lighting,Pendants,lighting-17,,
HD44,Lighting item 18,Lighting,Table lamps,lighting-18,,
HD45,Lighting item 19,Lighting,Pendants,lighting-19,,
HD46,Lighting item 20,Lighting,Table lamps,lighting-20,Bestsellers,
HD47,Lighting item 21,Lighting,Pendants,lighting-21,New launch,
HD48,Lighting item 22,Lighting,Table lamps,lighting-22,,
HD49,Lighting item 23,Lighting,Pendants,lighting-23,,
HD50,Lighting item 24,Lighting,Table lamps,lighting-24,,
HD51,Cushions item 0,Cushions,Covers,cushions-0,Bestsellers,
HD52,Cushions item 1,Cushions,Covers,cushions-1,,
HD53,Cushions item 2,Cushions,Covers,cushions-2,,
HD54,Cushions item 3,Cushions,Covers,cushions-3,,
HD55,Cushions item 4,Cushions,Covers,cushions-4,,
HD56,Cushions item 5,Cushions,Covers,cushions-5,Bestsellers,
HD57,Cushions item 6,Cushions,Covers,cushions-6,,
HD58,Cushions item 7,Cushions,Covers,cushions-7,New launch,
HD59,Cushions item 8,Cushions,Covers,cushions-8,,
HD60,Cushions item 9,Cushions,Covers,cushions-9,,
HD61,Cushions item 10,Cushions,Covers,cushions-10,Bestsellers,
HD62,Cushions item 11,Cushions,Covers,cushions-11,,
HD63,Cushions item 12,Cushions,Covers,cushions-12,,
HD64,Cushions item 13,Cushions,Covers,cushions-13,,
HD65,Cushions item 14,Cushions,Covers,cushions-14,New launch,
HD66,Cushions item 15,Cushions,Covers,cushions-15,Bestsellers,
HD67,Cushions item 16,Cushions,Covers,cushions-16,,
HD68,Cushions item 17,Cushions,Covers,cushions-17,,
HD69,Cushions item 18,Cushions,Covers,cushions-18,,
HD70,Cushions item 19,Cushions,Covers,cushions-19,,
HD71,Cushions item 20,Cushions,Covers,cushions-20,Bestsellers,
HD72,Cushions item 21,Cushions,Covers,cushions-21,New launch,
HD73,Cushions item 22,Cushions,Covers,cushions-22,,
HD74,Cushions item 23,Cushions,Covers,cushions-23,,
HD75,Cushions item 24,Cushions,Covers,cushions-24,,
HD76,Throws item 0,Throws,Wool,throws-0,Bestsellers,
HD77,Throws item 1,Throws,Wool,throws-1,,
HD78,Throws item 2,Throws,Wool,throws-2,,
HD79,Throws item 3,Throws,Wool,throws-3,,
HD80,Throws item 4,Throws,Wool,throws-4,,
HD81,Throws item 5,Throws,Wool,throws-5,Bestsellers,
HD82,Throws item 6,Throws,Wool,throws-6,,
HD83,Throws item 7,Throws,Wool,throws-7,New launch,
HD84,Throws item 8,Throws,Wool,throws-8,,
HD85,Throws item 9,Throws,Wool,throws-9,,
HD86,Throws item 10,Throws,Wool,throws-10,Bestsellers,
HD87,Throws item 11,Throws,Wool,throws-11,,
HD88,Throws item 12,Throws,Wool,throws-12,,
HD89,Throws item 13,Throws,Wool,throws-13,,
HD90,Throws item 14,Throws,Wool,throws-14,New launch,
HD91,Throws item 15,Throws,Wool,throws-15,Bestsellers,
HD92,Throws item 16,Throws,Wool,throws-16,,
HD93,Throws item 17,Throws,Wool,throws-17,,
HD94,Throws item 18,Throws,Wool,throws-18,,
HD95,Throws item 19,Throws,Wool,throws-19,,
HD96,Throws item 20,Throws,Wool,throws-20,Bestsellers,
HD97,Throws item 21,Throws,Wool,throws-21,New launch,
HD98,Throws item 22,Throws,Wool,throws-22,,
HD99,Throws item 23,Throws,Wool,throws-23,,
HD100,Throws item 24,Throws,Wool,throws-24,,
,,Rugs,,,,rugs
